Dia,Previsao_Faturamento
1,18150.79303232768
2,15132.765300944156
3,15478.256492984547
4,15823.7476850249
5,16169.23887706529
6,16514.730069105644
7,16860.221261146035
